{"norm_dur_list": [142.70485380032653, 403.63027932178295, 240, 71.35242690016327, 201.81513966089148, 120, 35.67621345008163, 100.90756983044574, 60, 100.90756983044574, 35.67621345008163, 60, 17.838106725040817, 50.45378491522287, 30, 50.45378491522287, 17.838106725040817, 30, 5.946035575013605, 16.81792830507429, 10, 16.81792830507429, 5.946035575013605, 10, 5.946035575013605, 16.81792830507429, 10, 16.81792830507429, 5.946035575013605, 10], "experiment_duration_list": [240, 240, 240, 120, 120, 120, 60, 60, 60, 60, 60, 60, 30, 30, 30, 30, 30, 30, 10, 10, 10, 10, 10, 10, 10, 10, 10, 10, 10, 10], "rate_list": [0.5946035575013605, 1.681792830507429, 1, 0.5946035575013605, 1.681792830507429, 1, 0.5946035575013605, 1.681792830507429, 1, 1.681792830507429, 0.5946035575013605, 1, 0.5946035575013605, 1.681792830507429, 1, 1.681792830507429, 0.5946035575013605, 1, 0.5946035575013605, 1.681792830507429, 1, 1.681792830507429, 0.5946035575013605, 1, 0.5946035575013605, 1.681792830507429, 1, 1.681792830507429, 0.5946035575013605, 1]}